name,home,ats,code,found_at,how,status,note
삼성에스디에스,https://www.samsungsds.com/en/index.html,,,,,ATS없음,채용링크 1개(화면)
크래프톤,https://krafton.com/,,,,,ATS없음,채용링크 4개(화면)
LG씨엔에스,https://www.lgcns.com/us,,,,,채용링크없음,채용링크 0개(화면)
NC,https://www.nc.com/,,,,,ATS없음,채용링크 1개(화면)
넷마블,https://company.netmarble.com/,,,,,ATS없음,채용링크 1개(화면)
NHN,https://nhn.com/,,,,,ATS없음,채용링크 1개(화면)
펄어비스,https://www.pearlabyss.com/ko-KR,,,,,ATS없음,채용링크 2개(화면)
시프트업,https://shiftup.co.kr/,,,,,ATS없음,채용링크 2개(화면)
다우기술,https://daou.co.kr/,,,,,ATS없음,채용링크 1개(화면)
더블유게임즈,https://doubleugames.com/?ckattempt=3,,,,,채용링크없음,채용링크 0개(화면)
아이티센글로벌,https://itcen.com/index.do,,,,,ATS없음,채용링크 3개(화면)
넥슨게임즈,https://www.nexongames.co.kr/,,,,,ATS없음,채용링크 3개(화면)
케이아이엔엑스,https://www.kinx.net/,,,,,ATS없음,채용링크 2개(화면)
루닛,https://www.lunit.io/en/,,,,,ATS없음,채용링크 1개(화면)
가비아,https://www.gabia.com/,,,,,ATS없음,채용링크 1개(화면)
위메이드,https://www.wemade.com/,,,,,채용링크없음,채용링크 0개(화면)
SOOP,https://corp.sooplive.com/,,,,,ATS없음,채용링크 4개(화면)
디어유,https://dear-u.co/,,,,,채용링크없음,채용링크 0개(화면)
컴투스,https://www.com2us.com/ko,recruiter,com2us,https://www.com2us.com/ko,브라우저,발견,
카페24,https://www.cafe24.com/,,,,,채용링크없음,채용링크 0개(화면)
네오위즈,https://www.neowiz.com/kr,,,,,ATS없음,채용링크 4개(화면)
다날,https://danal.co.kr/,,,,,ATS없음,채용링크 1개(화면)
위메이드맥스,https://www.wemademax.com/,,,,,ATS없음,채용링크 3개(화면)
엑스게이트,https://www.axgate.com/main/,,,,,ATS없음,채용링크 2개(화면)
리파인,https://www.refine.co.kr/,,,,,ATS없음,채용링크 3개(화면)
KG이니시스,https://www.inicis.com/,,,,,ATS없음,채용링크 1개(화면)
롯데이노베이트,https://lotteinnovate.com/ko,,,,,ATS없음,채용링크 4개(화면)
골프존,https://golfzon.com/main/,,,,,채용링크없음,채용링크 0개(화면)
슈어소프트테크,https://www.suresofttech.com/,,,,,ATS없음,채용링크 1개(화면)
갤럭시아머니트리,https://www.galaxiamoneytree.co.kr/,,,,,채용링크없음,채용링크 0개(화면)
드림시큐리티,https://dreamsecurity.com/,,,,,ATS없음,채용링크 1개(화면)
한국정보인증,https://www.kica.co.kr/kica/main/formMain.sg,,,,,채용링크없음,채용링크 0개(화면)
YG PLUS,https://www.ygplus.com/,,,,,ATS없음,채용링크 1개(화면)
네오위즈홀딩스,https://www.neowiz.com/kr,,,,,ATS없음,채용링크 4개(화면)
솔트룩스,https://saltlux.com/kor/main/main.do?mId=1,,,,,채용링크없음,채용링크 0개(화면)
사람인,https://saramin.co.kr,,,,,접속실패,Page.goto: Timeout 15000ms exceeded.
티쓰리,https://www.t3.co.kr/?ckattempt=3,,,,,채용링크없음,채용링크 0개(화면)
에프앤가이드,https://www.fnguide.com/,,,,,채용링크없음,채용링크 0개(화면)
이크레더블,https://ecredible.co.kr/main/indx/ECR01010100.do,,,,,채용링크없음,채용링크 0개(화면)
니어스랩,https://www.nearthlab.com/en,greeting,career.nearthlab.com,https://career.nearthlab.com/ko/home,브라우저→링크,발견,채용링크 1개(화면)
지니언스,https://www.genians.co.kr/,,,,,ATS없음,채용링크 1개(화면)
KG파이낸셜,https://www.mobilians.co.kr/mpay/sys/main/index.do,,,,,채용링크없음,채용링크 0개(화면)
넥써쓰,https://www.homepage.nexus/,,,,,채용링크없음,채용링크 0개(화면)
지어소프트,https://gaeasoft.co.kr/,,,,,ATS없음,채용링크 1개(화면)
윈스테크넷,https://wins21.co.kr,,,,,접속실패,Page.goto: net::ERR_CONNECTION_RESET at https://wins21.co.kr
고스트스튜디오,https://www.ghoststudio.net/en/,,,,,채용링크없음,채용링크 0개(화면)
텔코웨어,https://www.telcoware.com/,,,,,ATS없음,채용링크 3개(화면)
핑거,https://www.finger.co.kr/homepage/html/main/main-01-01.html?cate=main&sub=01&page=01,,,,,ATS없음,채용링크 1개(화면)
넵튠,https://neptunecompany.kr/?refresh=1788767022095,,,,,ATS없음,채용링크 4개(화면)
상상인,https://sangsanginworld.co.kr/en/main.do,,,,,ATS없음,채용링크 2개(화면)
현대이지웰,https://hyundaiezwel.com/renew/main.ez,,,,,채용링크없음,채용링크 0개(화면)
아톤,https://www.atoncorp.com/,,,,,ATS없음,채용링크 3개(화면)
나무에이엑스,https://www.namuax.com/,,,,,채용링크없음,채용링크 0개(화면)
한컴위드,https://www.hancomwith.com/,,,,,ATS없음,채용링크 1개(화면)
에스피소프트,https://spsoft.co.kr/,,,,,ATS없음,채용링크 3개(화면)
이니텍,https://initech.com/html/index.html,,,,,ATS없음,채용링크 3개(화면)
링네트,https://ringnet.co.kr/main/,,,,,ATS없음,채용링크 1개(화면)
라온시큐어,https://www.raon.com/ko,,,,,ATS없음,채용링크 4개(화면)
크레오에스지,https://curocom.com/,,,,,ATS없음,채용링크 1개(화면)
SKAI,https://skaiworldwide.com/,,,,,채용링크없음,채용링크 0개(화면)
뉴로핏,https://www.neurophet.com/,,,,,채용링크없음,채용링크 0개(화면)
KTcs,https://ktcs.co.kr,,,,,접속실패,Page.goto: net::ERR_CONNECTION_RESET at https://ktcs.co.kr/
KTis,https://ktis.co.kr/,,,,,ATS없음,채용링크 3개(화면)
컴투스홀딩스,https://holdings.com2us.com/ko,recruiter,com2us,https://holdings.com2us.com/ko,브라우저,발견,
에스트래픽,https://straffic.co.kr/,,,,,ATS없음,채용링크 2개(화면)
LS티라유텍,https://ls-thirautech.com/,,,,,ATS없음,채용링크 1개(화면)
조이시티,https://corp.joycity.com/en/main,,,,,채용링크없음,채용링크 0개(화면)
THE E&M,https://theenm.com/,,,,,ATS없음,채용링크 1개(화면)
알서포트,https://www.rsupport.com/ko-kr/,,,,,ATS없음,채용링크 4개(화면)
미투온,https://me2on.com/,,,,,ATS없음,채용링크 2개(화면)
에스넷,https://www.snetsystems.co.kr/,,,,,ATS없음,채용링크 2개(화면)
누리플렉스,https://www.nuriflex.co.kr/,,,,,채용링크없음,채용링크 0개(화면)
젝시믹스,https://xexymixcorp.com/,,,,,ATS없음,채용링크 1개(화면)
엠게임,https://www.mgamecorp.com/,,,,,ATS없음,채용링크 3개(화면)
네오리진,https://neorigin.com/,,,,,채용링크없음,채용링크 0개(화면)
뉴엔AI,https://www.newen.ai/,,,,,채용링크없음,채용링크 0개(화면)
오파스넷,http://opasnet.co.kr/,,,,,ATS없음,채용링크 3개(화면)
폴라리스AI,https://polarisai.co.kr/,,,,,ATS없음,채용링크 2개(화면)
아이티센씨티에스,https://comtec.co.kr,,,,,접속실패,Page.content: Unable to retrieve content because the page is
아이티센엔텍,https://itcenentec.com/index.do,,,,,ATS없음,채용링크 1개(화면)
디지틀조선,https://www.chosun.com/,,,,,ATS없음,채용링크 2개(화면)
마음AI,https://maum.ai/,,,,,채용링크없음,채용링크 0개(화면)
아이크래프트,https://icraft21.com/,,,,,ATS없음,채용링크 2개(화면)
한국전자인증,https://crosscert.com/,,,,,ATS없음,채용링크 1개(화면)
인지소프트,http://errdoc.gabia.io/403.html,,,,,채용링크없음,채용링크 0개(화면)
위메이드플레이,https://corp.wemadeplay.com/,,,,,ATS없음,채용링크 1개(화면)
비트컴퓨터,http://bit.co.kr/,,,,,ATS없음,채용링크 1개(화면)
레몬헬스케어,https://lemonhealthcare.com/,,,,,채용링크없음,채용링크 0개(화면)
샌즈랩,https://sandslab.io/,,,,,채용링크없음,채용링크 0개(화면)
유엔젤,https://www.uangel.com/kr/,,,,,ATS없음,채용링크 1개(화면)
유비벨록스,https://forsale.godaddy.com/forsale/veloxsoft.com?utm_source=TDFS_DASLNC&utm_medium=parkedpages&utm_campaign=x_corp_tdfs-daslnc_base&traffic_type=TDFS_DASLNC&traffic_id=daslnc&,,,,,채용링크없음,채용링크 0개(화면)
이글루,https://www.igloo.co.kr/,,,,,ATS없음,채용링크 1개(화면)
FSN,https://fsn.co.kr/,,,,,채용링크없음,채용링크 0개(화면)
비트플래닛,https://bit-planet.kr/kr/,,,,,채용링크없음,채용링크 0개(화면)
오픈베이스,https://openbase.co.kr/,,,,,ATS없음,채용링크 3개(화면)
서울평가정보,https://www.sci.co.kr/,,,,,ATS없음,채용링크 1개(화면)
토탈소프트,https://www.tsb.co.kr/,,,,,채용링크없음,채용링크 0개(화면)
수산아이앤티,http://soosanint.co.kr,,,,,접속실패,Page.content: Unable to retrieve content because the page is
인성정보,http://www.insunginfo.co.kr/,,,,,채용링크없음,채용링크 0개(화면)
시선AI,https://secern.ai/,,,,,채용링크없음,채용링크 0개(화면)
퀀텀레일,https://www.xcure.co.kr/,,,,,채용링크없음,채용링크 0개(화면)
알체라,https://www.alchera.ai/,,,,,ATS없음,채용링크 1개(화면)
시큐레터,https://seculetter.com/,,,,,채용링크없음,채용링크 0개(화면)
오상자이엘,https://osangjaiel.co.kr/index.do,,,,,채용링크없음,채용링크 0개(화면)
코어라인소프트,https://corelinesoft.com/,,,,,ATS없음,채용링크 1개(화면)
이지스,https://www.egiskorea.com/,,,,,채용링크없음,채용링크 0개(화면)
액토즈소프트,https://www.actoz.com/,,,,,ATS없음,채용링크 4개(화면)
아시아경제,https://www.asiae.co.kr/,,,,,ATS없음,채용링크 1개(화면)
파수AI,https://en.fasoo.ai/,,,,,채용링크없음,채용링크 0개(화면)
포시에스,https://global.forcs.com/,,,,,채용링크없음,채용링크 0개(화면)
미스터블루,https://mrbluecorp.com/?ckattempt=3,,,,,채용링크없음,채용링크 0개(화면)
뱅크웨어글로벌,https://bankwareglobal.com/,,,,,ATS없음,채용링크 4개(화면)
비아이매트릭스,https://www.bimatrix.co.kr/,,,,,채용링크없음,채용링크 0개(화면)
NHN벅스,https://music.bugs.co.kr/,,,,,채용링크없음,채용링크 0개(화면)
멤레이비티,http://memraybt.ai/,,,,,채용링크없음,채용링크 0개(화면)
영림원소프트랩,https://www.ksystem.co.kr/,,,,,ATS없음,채용링크 2개(화면)
링크제니시스,https://linkgenesis.co.kr/KR/index.aspx,,,,,채용링크없음,채용링크 0개(화면)
이루온,http://www.eluon.com/,,,,,ATS없음,채용링크 1개(화면)
토마토시스템,https://tomatosystem.co.kr/kr/index.php,,,,,ATS없음,채용링크 1개(화면)
인스피언,https://inspien.co.kr/,,,,,ATS없음,채용링크 1개(화면)
SGA솔루션즈,https://sgasol.kr/,,,,,ATS없음,채용링크 1개(화면)
폴라리스AI핸디,https://polaris-ai-handy.com/,,,,,ATS없음,채용링크 4개(화면)
산돌,https://www.sandoll.co.kr/,,,,,ATS없음,채용링크 1개(화면)
플랜티넷,https://plantynet.com/,,,,,ATS없음,채용링크 1개(화면)
인포뱅크,https://www.infobank.net/,,,,,ATS없음,채용링크 1개(화면)
브리지텍,https://bridgetec.co.kr/,,,,,ATS없음,채용링크 2개(화면)
오브젠,https://obzen.com/,,,,,채용링크없음,채용링크 0개(화면)
시큐브,about:blank,,,,,채용링크없음,채용링크 0개(화면)
이노에이엑스,https://inno-ax.com/en/index.php,,,,,ATS없음,채용링크 2개(화면)
미래아이앤지,http://error.uhost.co.kr/stop/4044_Error_Page.html,,,,,채용링크없음,채용링크 0개(화면)
브레인즈컴퍼니,https://brainz.co.kr/,,,,,ATS없음,채용링크 4개(화면)
디지캡,https://digicaps.com/,,,,,ATS없음,채용링크 3개(화면)
트윔,https://twim21.com/kor/main/,,,,,ATS없음,채용링크 1개(화면)
대신정보통신,http://www.dsic.co.kr/dsic,,,,,ATS없음,채용링크 2개(화면)
유라클,https://uracle.co.kr/?ckattempt=3,,,,,채용링크없음,채용링크 0개(화면)
솔트웨어,https://www.saltware.co.kr/,,,,,채용링크없음,채용링크 0개(화면)
심플랫폼,https://www.simplatform.com/en/index.html,,,,,ATS없음,채용링크 1개(화면)
모비릭스,https://mobirix.com/main/main.html,,,,,ATS없음,채용링크 3개(화면)
아이퀘스트,https://iquest.co.kr/main.do,,,,,ATS없음,채용링크 1개(화면)
이삭엔지니어링,https://en.isaac-eng.com/,,,,,채용링크없음,채용링크 0개(화면)
플래티어,https://plateer.com/?ckattempt=3,,,,,채용링크없음,채용링크 0개(화면)
키네마스터,https://kinemastercorp.com/,,,,,채용링크없음,채용링크 0개(화면)
티사이언티픽,https://www.tscientific.co.kr/,,,,,채용링크없음,채용링크 0개(화면)
엔텔스,https://ntels.com/ko,,,,,채용링크없음,채용링크 0개(화면)
휴네시온,https://www.hunesion.com/,,,,,ATS없음,채용링크 4개(화면)
한빛소프트,https://www.hanbitsoft.co.kr/,,,,,ATS없음,채용링크 4개(화면)
인스웨이브,https://www.inswave.com/websquare/websquare.html?w2xPath=/index.xml,,,,,채용링크없음,채용링크 0개(화면)
한싹,https://hanssak.co.kr/,,,,,ATS없음,채용링크 2개(화면)
세중,https://sejoong.com/,,,,,채용링크없음,채용링크 0개(화면)
소프트캠프,https://www.softcamp.co.kr/,,,,,채용링크없음,채용링크 0개(화면)
벨로크,https://bellock.co.kr/?ckattempt=3,,,,,채용링크없음,채용링크 0개(화면)
비트맥스,https://bitmax.im/?ckattempt=3,,,,,채용링크없음,채용링크 0개(화면)
이노테나,https://www.innotena.com/,,,,,ATS없음,채용링크 2개(화면)
지란지교시큐리티,https://jiransecurity.com/,,,,,ATS없음,채용링크 1개(화면)
라온피플,https://laonpeople.com/,,,,,ATS없음,채용링크 1개(화면)
바이브컴퍼니,https://vaiv.kr/,,,,,ATS없음,채용링크 3개(화면)
오픈놀,https://openknowl.com/,,,,,ATS없음,채용링크 1개(화면)
케이쓰리아이,https://k3i.co.kr/web/index.do,,,,,ATS없음,채용링크 1개(화면)
플레이위드,https://www.playwith.co.kr/,,,,,ATS없음,채용링크 1개(화면)
유비온,https://ubion.co.kr/ubion/,,,,,채용링크없음,채용링크 0개(화면)
알티캐스트,https://alticast.co.kr/main.html,,,,,채용링크없음,채용링크 0개(화면)
비큐AI,https://becuai.com/,,,,,ATS없음,채용링크 1개(화면)
이노뎁,https://innodep.co.kr/?ckattempt=3,,,,,채용링크없음,채용링크 0개(화면)
아이티아이즈,https://www.iteyes.co.kr/,,,,,ATS없음,채용링크 1개(화면)
위세아이텍,https://wise.co.kr/,,,,,ATS없음,채용링크 1개(화면)
이노시뮬레이션,https://en.innosim.com/,,,,,ATS없음,채용링크 2개(화면)
핑거스토리,https://www.mootoon.co.kr/,,,,,채용링크없음,채용링크 0개(화면)
버넥트,https://virnect.com/ko,,,,,채용링크없음,채용링크 0개(화면)
소프트센,https://www.dwebs.kr/,,,,,채용링크없음,채용링크 0개(화면)
미디어젠,http://mediazen.co.kr/,,,,,채용링크없음,채용링크 0개(화면)
카티스,https://catis.co.kr/,,,,,채용링크없음,채용링크 0개(화면)
드래곤플라이,https://www.dragonflygame.com/,,,,,채용링크없음,채용링크 0개(화면)
유디엠텍,https://udmtek.com/kor/main,,,,,채용링크없음,채용링크 0개(화면)
휴맥스홀딩스,https://holdings.humaxdigital.com/,,,,,ATS없음,채용링크 1개(화면)
모아데이타,https://moadata.co.kr/,,,,,채용링크없음,채용링크 0개(화면)
E8,https://e8ight.co.kr/?ckattempt=3,,,,,채용링크없음,채용링크 0개(화면)
모바일어플라이언스,https://www.mobileappliance.co.kr/,,,,,ATS없음,채용링크 1개(화면)
투비소프트,https://eng.tobesoft.com/main,,,,,ATS없음,채용링크 1개(화면)
아이톡시,https://itoxi.co.kr/,,,,,채용링크없음,채용링크 0개(화면)
