name,status,ats,code,n,url,title,tried,note
원익홀딩스,발견,recruiter,wonik,13,https://wonik.recruiter.co.kr/career/home,,26,
월덱스,발견,recruiter_v1,worldex,0,https://worldex.recruiter.co.kr/app/jobnotice/list,,26,
신성델타테크,확인필요,ninehire,sdt,,https://sdt.ninehire.site/,에스디티 주식회사 - 채용 홈페이지,27,사이트 제목이 회사명과 다릅니다. 다른 회사일 수 있습니다
KEC,못찾음,,,,,,44,후보 11개 확인
나무가,못찾음,,,,,,44,후보 11개 확인
네온테크,못찾음,,,,,,44,후보 11개 확인
뉴인텍,못찾음,,,,,,44,후보 11개 확인
뉴프렉스,못찾음,,,,,,44,후보 11개 확인
디바이스이엔지,못찾음,,,,,,44,후보 11개 확인
디아이,못찾음,,,,,,24,후보 6개 확인
레이크머티리얼즈,못찾음,,,,,,48,후보 12개 확인
미코,못찾음,,,,,,44,후보 11개 확인
비에이치,못찾음,,,,,,24,후보 6개 확인
비츠로셀,못찾음,,,,,,48,후보 12개 확인
비츠로테크,못찾음,,,,,,44,후보 11개 확인
삼화콘덴서,못찾음,,,,,,48,후보 12개 확인
성호전자,못찾음,,,,,,48,후보 12개 확인
시노펙스,못찾음,,,,,,44,후보 11개 확인
심텍,못찾음,,,,,,44,후보 11개 확인
아이에이,못찾음,,,,,,44,후보 11개 확인
알에스오토메이션,못찾음,,,,,,48,후보 12개 확인
알에프텍,못찾음,,,,,,44,후보 11개 확인
액트로,못찾음,,,,,,44,후보 11개 확인
에스비비테크,못찾음,,,,,,44,후보 11개 확인
에스텍,못찾음,,,,,,48,후보 12개 확인
에스티아이,못찾음,,,,,,44,후보 11개 확인
에이치브이엠,못찾음,,,,,,44,후보 11개 확인
엘비세미콘,못찾음,,,,,,44,후보 11개 확인
엘티씨,못찾음,,,,,,44,후보 11개 확인
엠씨넥스,못찾음,,,,,,44,후보 11개 확인
오로스테크놀로지,못찾음,,,,,,48,후보 12개 확인
우주일렉트로닉스,못찾음,,,,,,48,후보 12개 확인
유니셈,못찾음,,,,,,44,후보 11개 확인
유니테스트,못찾음,,,,,,44,후보 11개 확인
인터플렉스,못찾음,,,,,,44,후보 11개 확인
인텍플러스,못찾음,,,,,,44,후보 11개 확인
제룡전기,못찾음,,,,,,48,후보 12개 확인
제우스,못찾음,,,,,,44,후보 11개 확인
제이앤티씨,못찾음,,,,,,44,후보 11개 확인
제이티,못찾음,,,,,,48,후보 12개 확인
켐트로닉스,못찾음,,,,,,44,후보 11개 확인
코리아써키트,못찾음,,,,,,48,후보 12개 확인
테크메이션,못찾음,,,,,,44,후보 11개 확인
파트론,못찾음,,,,,,44,후보 11개 확인
펨트론,못찾음,,,,,,44,후보 11개 확인
하나기술,못찾음,,,,,,44,후보 11개 확인
하이젠알앤엠,못찾음,,,,,,48,후보 12개 확인
